min_x,min_y,min_z,max_x,max_y,max_z,center_x,center_y,center_z,dx,dy,dz,wall_id,ply_file,n_points
-1.3625409072456516,5.133546797563834,-0.48767442039265135,-1.0123331794597348,20.377240142364993,3.441627417650601,-1.187437043352693,12.755393469964414,1.4769764986289748,0.3502077277859168,15.243693344801159,3.9293018380432527,1,wall_001.ply,32012
-4.985225187681787,5.095681112770804,-0.5520482974099441,-4.70540149643595,13.50128631516534,3.2366356123858107,-4.845313342058869,9.298483713968071,1.3422936574879332,0.27982369124583695,8.405605202394536,3.788683909795755,2,wall_002.ply,19874
-4.987240525778376,13.817235594801506,-0.42843893191949983,-4.782858091335368,17.547737631412453,3.1123199396256673,-4.885049308556872,15.68248661310698,1.3419405038530838,0.20438243444300852,3.7305020366109467,3.540758871545167,3,wall_003.ply,1424
-4.886650434295675,-5.7184403472935275,-0.46566980104826206,-4.633464505849195,-2.72052938255754,3.1884254775422463,-4.760057470072435,-4.219484864925533,1.361377838246992,0.2531859284464808,2.9979109647359876,3.6540952785905083,4,wall_004.ply,1208
3.4220470287296427,-5.76822347494145,-1.0545331741620998,3.9473749679325816,6.095228374060037,3.570781166898417,3.684710998331112,0.1635024495592936,1.2581239963681585,0.5253279392029389,11.863451849001486,4.625314341060517,5,wall_005.ply,25585
-7.620332148125499,-3.101473585579415,-1.1429018513959,-7.442938563836784,5.848286848450805,3.778569074291016,-7.531635355981141,1.3734066314356947,1.3178336114475582,0.17739358428871466,8.94976043403022,4.921470925686916,6,wall_006.ply,8706
-7.812244034202539,5.431731563395013,-0.5921411180359507,3.991756640697506,5.91160375493714,3.8019516693594784,-1.9102436967525167,5.671667659166077,1.6049052756617639,11.804000674900045,0.47987219154212646,4.394092787395429,7,wall_007.ply,17360
-4.94260845387415,3.4365619003255414,-0.6859761584869567,-4.78616458765268,4.11168443511912,2.219398869958049,-4.864386520763414,3.7741231677223306,0.7667113557355463,0.15644386622147,0.6751225347935783,2.9053750284450057,8,wall_008.ply,524
-4.923645682582331,-1.6134405557870564,-0.7694281515418575,-4.745252889593991,-0.08068155671085091,2.6536784118573915,-4.8344492860881605,-0.8470610562489537,0.942125130157767,0.17839279298833954,1.5327589990762054,3.423106563399249,9,wall_009.ply,508
