min_x,min_y,min_z,max_x,max_y,max_z,center_x,center_y,center_z,dx,dy,dz,wall_id,ply_file,n_points
-5.889876652177183,68.66267509863273,0.5377014073415861,-5.0852075305547215,95.63866680747518,4.4032308642841445,-5.4875420913659525,82.15067095305395,2.4704661358128654,0.8046691216224611,26.975991708842443,3.8655294569425585,1,wall_001.ply,140413
-2.139669784971731,65.1033017658705,0.6150831790634982,-1.222387699652438,93.19374573863468,4.436509460484043,-1.6810287423120847,79.14852375225259,2.5257963197737707,0.9172820853192931,28.090443972764177,3.821426281420545,2,wall_002.ply,118916
-0.9759109072168718,77.83144492169717,0.769501519471034,-0.8318037012894953,79.50234979042806,2.793003154027078,-0.9038573042531836,78.6668973560626,1.781252336749056,0.14410720592737647,1.6709048687308865,2.0235016345560437,3,wall_003.ply,6061
-1.0080168166097863,73.52513731719598,0.6532117932109097,-0.8576492719892668,75.55298680671605,3.008851308371762,-0.9328330442995265,74.53906206195602,1.8310315507913357,0.1503675446205195,2.027849489520065,2.3556395151608522,4,wall_004.ply,8101
-2.727322913842143,71.71640169218843,0.8109751188376735,-2.603504197278603,72.85404359285239,1.501589419942128,-2.665413555560373,72.28522264252041,1.1562822693899006,0.12381871656354004,1.137641900663965,0.6906143011044545,5,wall_005.ply,206
-6.3213439389711,82.44142879029269,0.7203224679327337,-6.1808265202242705,83.96222611538148,3.0143793256813645,-6.251085229597685,83.20182745283708,1.8673508968070491,0.14051741874682921,1.5207973250887932,2.2940568577486307,6,wall_006.ply,2846
