min_x,min_y,min_z,max_x,max_y,max_z,center_x,center_y,center_z,dx,dy,dz,wall_id,ply_file,n_points
-2.184987423355485,97.08422356082278,0.7530423469865452,-1.6209574398454047,112.44555282835775,4.648828265383736,-1.9029724316004448,104.76488819459027,2.7009353061851407,0.5640299835100802,15.36132926753497,3.8957859183971912,1,wall_001.ply,61363
-5.928788899683102,96.85903222615397,0.6257646407968057,-5.065254179877036,112.44594585224822,4.522424432062809,-5.49702153978007,104.6524890392011,2.5740945364298073,0.8635347198060659,15.586913626094244,3.896659791266003,2,wall_002.ply,56643
-5.969273737823551,113.51850199028665,0.7182243341298132,-5.751298968176282,114.19702200849937,4.5202478046385774,-5.860286352999916,113.857761999393,2.619236069384195,0.21797476964726936,0.6785200182127227,3.802023470508764,3,wall_003.ply,2085
-6.040977148264411,117.59210545787472,0.6565988671810832,-5.707391620977271,118.110373364059,4.562888986657589,-5.8741843846208415,117.85123941096685,2.609743926919336,0.3335855272871404,0.5182679061842776,3.9062901194765054,4,wall_004.ply,1168
-8.504919149958983,111.66974204301147,0.5584456614571904,-8.263514789357812,118.90318884158985,4.906460369573841,-8.384216969658397,115.28646544230065,2.7324530155155156,0.24140436060117132,7.233446798578385,4.348014708116651,5,wall_005.ply,25511
2.757662203213878,111.71826704224598,0.1296688454523565,3.019767171337504,126.00895170548962,4.774826527410112,2.888714687275691,118.8636093738678,2.4522476864312344,0.26210496812362605,14.290684663243638,4.645157681957755,6,wall_006.ply,19666
-8.598045057252795,111.72708024943854,0.6363478930351391,2.8849236047736992,112.16516838648094,4.938632730903626,-2.856560726239548,111.94612431795974,2.7874903119693824,11.482968662026494,0.43808813704239924,4.302284837868487,7,wall_007.ply,14666
-1.6066837743962825,113.44525298112278,1.2034516819065213,-1.5315116365621915,114.24711612156744,2.4048215245582787,-1.569097705479237,113.84618455134512,1.8041366032324,0.07517213783409105,0.8018631404446666,1.2013698426517574,8,wall_008.ply,220
