min_x,min_y,min_z,max_x,max_y,max_z,center_x,center_y,center_z,dx,dy,dz,wall_id,ply_file,n_points
-1.9259633767624484,20.65492832965453,0.11199720735034648,-0.9687377967817217,48.93691165688514,3.9328282247299597,-1.447350586772085,34.795919993269834,2.022412716040153,0.9572255799807268,28.281983327230606,3.8208310173796134,1,wall_001.ply,131859
-6.023383218394913,20.434229066623598,0.041098654619913536,-4.864545937686318,48.870814377551426,3.891811969122633,-5.443964578040616,34.65252172208751,1.9664553118712733,1.1588372807085952,28.43658531092783,3.8507133145027193,2,wall_002.ply,131926
-5.883685208837954,25.487861020136258,0.28843886332162094,-5.787928015464453,26.719854584947566,2.1239057692462096,-5.835806612151203,26.10385780254191,1.2061723162839153,0.09575719337350108,1.231993564811308,1.8354669059245885,3,wall_003.ply,3304
-0.9659792633839921,37.8474357776257,0.27909005293087136,-0.37270305301783635,40.288666067756715,2.387637611555277,-0.6693411582009142,39.06805092269121,1.333363832243074,0.5932762103661557,2.441230290131017,2.1085475586244056,4,wall_004.ply,9226
-0.7139088585222898,33.29110560126803,0.13550625113110118,-0.48241836442327757,35.35300057353184,2.458287248667793,-0.5981636114727837,34.32205308739994,1.296896749899447,0.23149049409901223,2.061894972263808,2.3227809975366918,5,wall_005.ply,9572
-4.3487024647011445,28.742677029908663,0.05829527666108576,-4.262996595404827,29.167574767531423,3.444475443844193,-4.305849530052986,28.95512589872004,1.7513853602526395,0.08570586929631752,0.42489773762276073,3.3861801671831073,6,wall_006.ply,1495
